,g,Ref Energy,Total Steps,Total Time,RAM Usage,POD RAM
0,0.5,1.0134597552219426,8.166865115552785,853.0236019949998,387.64453125,6847.8046875
