,g,Ref Energy,Total Steps,Total Time,RAM Usage,POD RAM
0,0.5,1.0112359589982387,25.022028403599865,467.7443750030002,419.6650390625,6837.802734375
