,g,Ref Energy,Total Steps,Total Time,RAM Usage,POD RAM
0,0.5,1.0326108706411286,50.46666479937617,391.78303697,386.791015625,6845.419921875
