,g,Ref Energy,Total Steps,Total Time,RAM Usage,POD RAM
0,0.5,1.0123418059890406,8.88205937557444,1055.6684873550003,397.7119140625,6858.31640625
