,g,Ref Energy,Total Steps,Total Time,RAM Usage
0,0.5,1.013065262398856,7.986917053465389,608.5244224960006,796.228515625
