,g,Ref Energy,Total Steps,Total Time,RAM Usage,POD RAM
0,0.5,1.0113960774292046,8.254403909391812,868.7319786150001,391.0458984375,6845.6982421875
