,g,Ref Energy,Total Steps,Total Time,RAM Usage,POD RAM
0,0.5,1.012943322317894,8.155959354639563,685.3585001689999,380.5478515625,6850.8232421875
