,g,Ref Energy,Total Steps,Total Time,RAM Usage,POD RAM
0,0.5,1.0131202212534083,8.053787575441524,619.8888113920002,384.2802734375,6858.0947265625
