,g,Ref Energy,Total Steps,Total Time,RAM Usage,POD RAM
0,0.5,1.0130965325395784,8.171066229363964,638.4098338209997,380.58984375,6851.1513671875
