,g,Ref Energy,Total Steps,Total Time,RAM Usage,POD RAM
0,0.5,1.0150677454497494,9.27432307312541,320.21884976,385.169921875,6848.9921875
