,g,Ref Energy,Total Steps,Total Time,RAM Usage,POD RAM
0,0.5,1.0244276214710968,50.17585098891208,447.2600782469999,387.599609375,6848.4765625
