,g,Ref Energy,Total Steps,Total Time,RAM Usage,POD RAM
0,0.5,1.0129140691428844,50.283002862024674,665.662444227999,401.6455078125,6847.1708984375
