,g,Ref Energy,Total Steps,Total Time,RAM Usage,POD RAM
0,0.5,1.0136518539037844,11.0070071575215,706.8555306920007,390.3330078125,6858.9130859375
