,g,Ref Energy,Total Steps,Total Time,RAM Usage,POD RAM
0,0.5,1.010342981768296,21.824474397271064,745.0936696950012,396.82421875,6858.6708984375
