,g,Ref Energy,Total Steps,Total Time,RAM Usage,POD RAM
0,0.5,1.0139335043978315,50.472393639046196,1070.91378128,406.181640625,6858.25
