,g,Ref Energy,Total Steps,Total Time,RAM Usage,POD RAM
0,0.5,1.4132926617115857,7.949548406114447,453.15250839500004,4442.4970703125,4442.4970703125
