,g,Ref Energy,Total Steps,Total Time,RAM Usage,POD RAM
0,0.5,1.4133397163310548,7.925411138614269,457.51436392600044,4446.5390625,4446.5390625
