,g,Ref Energy,Total Steps,Total Time,RAM Usage,POD RAM
0,0.5,1.0326108706411286,50.46666479937617,457.25706929399894,388.0654296875,6844.7734375
