,g,Ref Energy,Total Steps,Total Time,RAM Usage
0,0.5,1.0130557222038639,10.049386792092518,283.34501615999943,803.62890625
