,g,Ref Energy,Total Steps,Total Time,RAM Usage
0,0.5,1.0500215761982834,15.06878330223197,65.35324452500026,1967.7421875
