,g,Ref Energy,Total Steps,Total Time,RAM Usage
0,0.5,1.4133048073478822,6.549693445018364,38.02162889099964,1944.68359375
