,g,Ref Energy,Total Steps,Total Time,RAM Usage
0,0.5,0.8546743476618992,15.013318312737798,97.87021220800125,2017.2607421875
