,g,Ref Energy,Total Steps,Total Time,RAM Usage
0,0.5,1.4133354134214204,7.897796269115583,158.89506638700004,800.2724609375
