,g,Ref Energy,Total Steps,Total Time,RAM Usage,POD RAM
0,0.5,1.0131099639409897,10.228972498427531,988.0455569939986,397.953125,6858.55859375
