,g,Ref Energy,Total Steps,Total Time,RAM Usage,POD RAM
0,0.5,1.0243766869874273,50.34560804584143,375.4592658929996,394.619140625,6859.017578125
