,g,Ref Energy,Total Steps,Total Time,RAM Usage,POD RAM
0,0.5,1.0132369544387374,11.008420907359225,891.8184415770011,391.5078125,6847.9765625
