,g,Ref Energy,Total Steps,Total Time,RAM Usage,POD RAM
0,0.5,1.012910029733314,10.129243139974507,813.077467774001,397.19921875,6848.091796875
