,g,Ref Energy,Total Steps,Total Time,RAM Usage,POD RAM
0,0.5,1.0213231622873835,50.208668684528156,487.66720222599906,409.0537109375,6857.6884765625
