,g,Ref Energy,Total Steps,Total Time,RAM Usage,POD RAM
0,0.5,1.0123596938297261,8.69966019249505,448.5193943100003,382.5546875,6850.6513671875
