,g,Ref Energy,Total Steps,Total Time,RAM Usage,POD RAM
0,0.5,1.0327144212956025,50.142703173536994,354.764595353,389.28125,6840.1650390625
