,g,Ref Energy,Total Steps,Total Time,RAM Usage,POD RAM
0,0.5,1.0134599467873489,8.169327159638051,331.2846680549992,382.1328125,6850.9619140625
