,g,Ref Energy,Total Steps,Total Time,RAM Usage,POD RAM
0,0.5,1.0114145458361505,8.18712777404151,367.7755906429993,385.822265625,6847.755859375
