,g,Ref Energy,Total Steps,Total Time,RAM Usage,POD RAM
0,0.5,1.0112536565631567,25.207549329375755,464.37876935299937,380.763671875,6853.1376953125
