,g,Ref Energy,Total Steps,Total Time,RAM Usage
0,0.5,5.9999999999999485,2.520975228489894e-13,0.2357493350000368,1887.0322265625
