,g,Ref Energy,Total Steps,Total Time,RAM Usage
0,0.5,1.4134451043012444,2.74174483655173,52.26796541799922,1537.9501953125
