,g,Ref Energy,Total Steps,Total Time,RAM Usage
0,0.5,1.2329866916723977,15.033413608227558,59.9448822939994,1537.9501953125
