,g,Ref Energy,Total Steps,Total Time,RAM Usage
0,0.5,1.220048666891468,15.090759917371011,74.64605757299796,14803.6376953125
