,g,Ref Energy,Total Steps,Total Time,RAM Usage,POD RAM
0,0.5,1.0130963344435304,8.059470249482407,501.29297861300074,401.6337890625,6858.345703125
