,g,Ref Energy,Total Steps,Total Time,RAM Usage,POD RAM
0,0.5,1.0243766869874273,50.34560804584143,816.2925788950015,385.7421875,6845.2353515625
