,g,Ref Energy,Total Steps,Total Time,RAM Usage,POD RAM
0,0.5,1.013119751087381,8.04180632322358,400.72767742199903,393.8837890625,6845.75
