,g,Ref Energy,Total Steps,Total Time,RAM Usage,POD RAM
0,0.5,1.0129453101614565,8.081306335597741,440.842618622999,398.3427734375,6857.24609375
