,g,Ref Energy,Total Steps,Total Time,RAM Usage,POD RAM
0,0.5,1.0150885006327925,9.33815653888477,626.4644446689999,389.4111328125,6858.7802734375
