,g,Ref Energy,Total Steps,Total Time,RAM Usage
0,0.5,1.0116673035425534,3.315595788915277,346.25120829000025,786.93359375
