,g,Ref Energy,Total Steps,Total Time,RAM Usage
0,0.5,1.010134445301206,3.9149022955378125,49.50190895500009,1961.595703125
