,g,Ref Energy,Total Steps,Total Time,RAM Usage
0,0.5,0.9838171371458376,15.088256584244675,101.6978247850002,2552.7236328125
