,g,Ref Energy,Total Steps,Total Time,RAM Usage
0,0.5,0.9828523389932513,15.243715648754446,130.76078741399942,2115.611328125
