,g,Ref Energy,Total Steps,Total Time,RAM Usage
0,0.5,1.0100747357228441,3.997045341908356,61.29549880800005,1953.41796875
