,g,Ref Energy,Total Steps,Total Time,RAM Usage
0,0.5,1.011882698314512,3.4521365534458255,868.651812266,1001.462890625
