,g,Ref Energy,Total Steps,Total Time,RAM Usage
0,0.5,1.0064025665592036,15.007774032287553,177.59391238800163,1067.3583984375
