,g,Ref Energy,Total Steps,Total Time,RAM Usage,POD RAM
0,0.5,1.4130774943084203,7.917390157829169,383.5052694549995,4444.42578125,4444.42578125
