,g,Ref Energy,Total Steps,Total Time,RAM Usage
0,0.5,1.0110622744866844,4.536353570421434,52.37313268700018,616.4921875
