,g,Ref Energy,Total Steps,Total Time,RAM Usage
0,0.5,1.4133439003727801,6.539662496980007,38.30209094199972,441.3076171875
