,g,Ref Energy,Total Steps,Total Time,RAM Usage
0,0.5,1.012341205806601,8.882851163049175,588.2280764460011,1010.484375
