,g,Ref Energy,Total Steps,Total Time,RAM Usage
0,0.5,0.7506301945874155,50.06376323185604,25.68663993899827,1944.3271484375
