,g,Ref Energy,Total Steps,Total Time,RAM Usage
0,0.5,0.8060543873349926,15.010730963632703,70.54522942099993,1963.9619140625
