,g,Ref Energy,Total Steps,Total Time,RAM Usage
0,0.5,0.04716944969637582,15.006449948117472,58.350942873999884,1963.8330078125
