,g,Ref Energy,Total Steps,Total Time,RAM Usage
0,0.5,0.8537751146552967,15.015155768235836,62.27581070300221,2559.64453125
