,g,Ref Energy,Total Steps,Total Time,RAM Usage
0,0.5,0.8546743476618992,15.013318312737798,80.49515714100562,1997.646484375
