,g,Ref Energy,Total Steps,Total Time,RAM Usage
0,0.5,1.136082293774726,15.006690544833084,84.55312185999992,1980.046875
